{"rmse": 0.17771060007405512, "rsquared_1M": 0.010170582090245128, "rsquared_2M": 0.007387182558393879}