{"rmse": 0.17771060007405512, "rsquared": 0.12999024257742786}