{"rmse": 0.190275149793477, "rsquared": 0.04291047746378218}