{"rmse": 0.17783700783772305, "rsquared": 0.9767830048327759}