{"rmse": 0.1982350475657418, "rsquared": 0.002002003998102797}