{"rmse": 0.2323751418412629, "rsquared_1M": 0.0034155917462614926, "rsquared_2M": 0.007926991458580002}