{"rmse": 0.2323751418412629, "rsquared": 0.07144037657394997}