{"rmse": 0.06732097104844775, "rsquared": 0.9440349635528333}