{"rmse": 0.06732097104844775, "rsquared_1M": 0.00018328409912149457, "rsquared_2M": 0.00016132583129602196}