{"rmse": 0.296620796002524, "rsquared": 0.05895254615638856}