{"rmse": 0.296620796002524, "rsquared_1M": 0.004248231555322279, "rsquared_2M": 0.004790022643964886}