{"rmse": 0.18541888603992615, "rsquared": 0.9508666981245377}