{"rmse": 0.17045828632080806, "rsquared": 0.9686345050740314}