{"rmse": 0.17674018590152857, "rsquared": 0.9459271866971055}