{"rmse": 0.1751958716929573, "rsquared": 0.971999208513755}