{"rmse": 0.06565515294645351, "rsquared_1M": 0.0005106804608906446, "rsquared_2M": 9.051733882714519e-05}