{"rmse": 0.06565515294645351, "rsquared": 0.9561880851504162}