{"rmse": 0.07002105514503877, "rsquared_1M": 4.8332010719520646e-05, "rsquared_2M": 0.001074228129974819}