{"rmse": 0.07002105514503877, "rsquared": 0.9384061676321624}