{"rmse": 0.19225005968013092, "rsquared": 0.9763948526287463}