{"rmse": 0.17189203441546572, "rsquared": 0.9750339417638314}