{"rmse": 0.2258627570752785, "rsquared_1M": 0.0030012828850188855, "rsquared_2M": 0.0005776690616609015}