{"rmse": 0.2258627570752785, "rsquared": 0.019440425441305864}