{"rmse": 0.17713719585433405, "rsquared": 0.8929249429266047}