{"rmse": 0.07091745944811285, "rsquared": 0.9380707676073187}