{"rmse": 0.07091745944811285, "rsquared_1M": 0.0016167300396574547, "rsquared_2M": 2.2629339058166664e-07}