{"rmse": 0.19723542995980856, "rsquared": 0.9737801245022812}