{"rmse": 0.17546230057740916, "rsquared": 0.9647462545135059}