{"rmse": 0.17579878344226404, "rsquared": 0.9635536277547475}