{"rmse": 0.1566960424648081, "rsquared": 0.9100146845551705}