{"rmse": 0.19945740232199338, "rsquared_1M": 0.0012741058322068843, "rsquared_2M": 0.008928608029501905}