{"rmse": 0.19945740232199338, "rsquared": 0.05733782795050191}