{"rmse": 0.17385794683173494, "rsquared": 0.9578519486364095}