{"rmse": 0.22377577026138462, "rsquared_1M": 0.009011172121449973, "rsquared_2M": 0.004608227708004731}