{"rmse": 0.22377577026138462, "rsquared": 0.02911578061492004}