{"rmse": 0.0636275231848041, "rsquared": 0.9547063474624433}