{"rmse": 0.0636275231848041, "rsquared_1M": 0.0007351112756817102, "rsquared_2M": 1.0188727146642762e-05}